Behavior,Message
Mindful vs. Distracted Eating,"Listen to your stomach, not just your eyes."
Mindful vs. Distracted Eating,"Hunger isn't an emergency - pause and assess."
Mindful vs. Distracted Eating,"Satisfaction happens before fullness - notice the signs."
Mindful vs. Distracted Eating,"Your body whispers before it shouts."
Mindful vs. Distracted Eating,"Don't wait until you're starving."
Mindful vs. Distracted Eating,"A comfortable stop is better than an uncomfortable finish."
Mindful vs. Distracted Eating,"Halfway through your meal, check in with yourself."
Mindful vs. Distracted Eating,"Hunger and cravings aren't the same."
Mindful vs. Distracted Eating,"A smaller portion might be all you need."
Mindful vs. Distracted Eating,"Eat to feel good, not just to finish your plate."
Mindful vs. Distracted Eating,"Your meal deserves your full attention."
Mindful vs. Distracted Eating,"Taste your food, don't just consume it."
Mindful vs. Distracted Eating,"Put down your fork between bites."
Mindful vs. Distracted Eating,"Chew more, eat less."
Mindful vs. Distracted Eating,"Make mealtime a moment, not a race."
Mindful vs. Distracted Eating,"The slower you eat, the less you need."
Mindful vs. Distracted Eating,"A meal should be a ritual, not a rush."
Mindful vs. Distracted Eating,"Enjoy the first bite like it's the last."
Mindful vs. Distracted Eating,"Your stomach takes 20 minutes to tell your brain it's full."
Mindful vs. Distracted Eating,"When you slow down, you appreciate more and eat less."
Mindful vs. Distracted Eating,"Set your pace, not your environment's."
Mindful vs. Distracted Eating,"Turn off autopilot eating."
Mindful vs. Distracted Eating,"A quiet moment before eating resets your focus."
Mindful vs. Distracted Eating,"Serve food on a plate, not from the package."
Mindful vs. Distracted Eating,"Smaller plates, smaller bites, greater satisfaction."
Mindful vs. Distracted Eating,"Stay hydrated - it helps control appetite."
Mindful vs. Distracted Eating,"Start with what nourishes you."
Mindful vs. Distracted Eating,"Make mindful eating a habit, not a task."
Mindful vs. Distracted Eating,"Your meals are meant to fuel and satisfy, not just fill space."
Mindful vs. Distracted Eating,"Mindful eating isn't about perfection, it's about awareness."
"Emotional Eating","Pause before you bite - what emotion is driving your hunger?"
"Emotional Eating","Emotions need to be felt, not fed."
"Emotional Eating","Not all hunger is physical - listen to what your body is actually saying."
"Emotional Eating","A craving might be your body's way of asking for rest, connection, or movement."
"Emotional Eating","Feeling stressed? Try a deep breath before reaching for food."
"Emotional Eating","Boredom isn't hunger - feed your mind, not just your stomach."
"Emotional Eating","Your feelings deserve attention, not just a snack."
"Emotional Eating","Check in with your mood before you check the fridge."
"Emotional Eating","Acknowledge emotional cravings without acting on them immediately."
"Emotional Eating","Find comfort in rituals that nourish your well-being, not just your appetite."
"Emotional Eating","Emotions come and go, but mindful choices stay with you."
"Emotional Eating","Instead of numbing emotions with food, try feeling them."
"Emotional Eating","Food is fuel, not a fix."
"Emotional Eating","Tired? Stressed? Overwhelmed? Honor what your body truly needs."
"Emotional Eating","Not every craving needs to be answered."
"Emotional Eating","A walk, a chat, or a creative hobby can nourish you just as much as food."
"Emotional Eating","Emotional eating is a habit - but habits can be changed."
"Emotional Eating","Replace stress eating with stress relief."
"Emotional Eating","Your worth is not determined by what or how much you eat."
"Emotional Eating","Progress, not perfection."
"Emotional Eating","Create a 'pause' between craving and action."
"Emotional Eating","A balanced meal now prevents emotional cravings later."
"Emotional Eating","Don't eat straight from the bag."
"Emotional Eating","Eat at the table, not in front of a screen."
"Emotional Eating","Slow down and savor."
"Emotional Eating","Name what you're feeling before you eat."
"Emotional Eating","Stay hydrated - thirst can disguise itself as hunger."
"Emotional Eating","Sleep well, eat well."
"Emotional Eating","Keep nourishing options within reach."
"Emotional Eating","Give yourself grace - every meal is a new opportunity."
"Portion Control","Your stomach isn't a plate - listen to your body, not just the serving size."
"Portion Control","Start with a smaller portion - you can always go back for more."
"Portion Control","Pause before refilling - are you still truly hungry?"
"Portion Control","Serve your meal on a smaller plate - it tricks your brain into feeling full with less."
"Portion Control","Half your plate should be veggies - fiber helps fill you up, naturally controlling portions."
"Portion Control","Measure it once, remember it always."
"Portion Control","Use your hands as a portion guide."
"Portion Control","Fill your plate intentionally - start with protein and veggies before adding extras."
"Portion Control","Leave a little space on your plate - your meal doesn't have to fill every inch."
"Portion Control","Make portion control effortless - pre-plate meals instead of eating straight from the package."
"Portion Control","Eat with intention, not distraction."
"Portion Control","Take smaller bites, get bigger satisfaction."
"Portion Control","Chew each bite thoroughly - it helps your brain register fullness faster."
"Portion Control","Put your fork down between bites - give yourself a moment to check in."
"Portion Control","Stretch your meal over 20 minutes - your stomach needs time to signal fullness."
"Portion Control","Drinking water before a meal helps prevent overeating."
"Portion Control","Start with a balanced plate - portion control starts before the first bite."
"Portion Control","Your meal is not a race - enjoy each bite with awareness."
"Portion Control","It takes just 10 extra mindful minutes to prevent overeating."
"Portion Control","Use chopsticks or smaller utensils - this naturally slows down eating."
"Portion Control","Out of sight, out of mind - store extra food before sitting down."
"Portion Control","Portion your snacks into bowls instead of eating from the bag."
"Portion Control","Take-home boxes are your best friend - restaurant portions are usually oversized."
"Portion Control","Dining out? Order a side salad or veggies first."
"Portion Control","Skip the 'clean plate club' - it's okay to leave food behind."
"Portion Control","If you're not sure if you're still hungry, wait 10 minutes before continuing."
"Portion Control","Visualize your portions before serving."
"Portion Control","Serve meals on individual plates instead of family-style."
"Portion Control","End your meal with a cup of tea or water instead of more food."
"Portion Control","Your body knows best - trust it."
"Regular vs. Irregular Meal Patterns","Your body thrives on routine - consistent meals keep energy steady."
"Regular vs. Irregular Meal Patterns","Hunger isn't a surprise - it's a signal."
"Regular vs. Irregular Meal Patterns","A structured eating schedule prevents impulsive choices."
"Regular vs. Irregular Meal Patterns","Your metabolism loves consistency."
"Regular vs. Irregular Meal Patterns","A missed meal often leads to a binge later."
"Regular vs. Irregular Meal Patterns","Hunger builds slowly - don't let it sneak up on you."
"Regular vs. Irregular Meal Patterns","Your stomach isn't a storage unit - feed it when it needs, not all at once."
"Regular vs. Irregular Meal Patterns","A consistent eating pattern supports a stable mood."
"Regular vs. Irregular Meal Patterns","Skipping breakfast? Your brain won't thank you."
"Regular vs. Irregular Meal Patterns","Three balanced meals a day = fewer cravings at night."
"Regular vs. Irregular Meal Patterns","Set meal alarms - your phone reminds you of meetings, why not meals?"
"Regular vs. Irregular Meal Patterns","Busy day? Prep meals in advance."
"Regular vs. Irregular Meal Patterns","No time for a full meal? Have a small, balanced snack."
"Regular vs. Irregular Meal Patterns","Make breakfast easy - overnight oats or a smoothie take minutes."
"Regular vs. Irregular Meal Patterns","Plan lunch before hunger kicks in."
"Regular vs. Irregular Meal Patterns","Don't let work dictate when you eat."
"Regular vs. Irregular Meal Patterns","A meal should be a pause, not an afterthought."
"Regular vs. Irregular Meal Patterns","Make dinner a ritual, not a rushed fix."
"Regular vs. Irregular Meal Patterns","Hydration supports meal consistency."
"Regular vs. Irregular Meal Patterns","Your future self will thank you for eating on time."
"Regular vs. Irregular Meal Patterns","Your body runs best on consistency, not unpredictability."
"Regular vs. Irregular Meal Patterns","Skipping meals won't 'save' calories - it often backfires."
"Regular vs. Irregular Meal Patterns","Think of meals like fuel stops - your body needs them at steady intervals."
"Regular vs. Irregular Meal Patterns","Hunger should be gradual, not extreme."
"Regular vs. Irregular Meal Patterns","Eating regularly is an investment in your energy, focus, and health."
"Regular vs. Irregular Meal Patterns","Small, frequent meals can work if three big meals don't suit your schedule."
"Regular vs. Irregular Meal Patterns","Your meal schedule should work with your life, not against it."
"Regular vs. Irregular Meal Patterns","The best eating pattern is the one that's sustainable."
"Regular vs. Irregular Meal Patterns","Meal timing is a form of self-respect."
"Regular vs. Irregular Meal Patterns","A well-fed body is a well-functioning body."
"Balanced Food Choices","Every meal is an opportunity to nourish your body."
"Balanced Food Choices","Variety is key - think color, texture, and flavor."
"Balanced Food Choices","A balanced meal keeps cravings in check."
"Balanced Food Choices","Carbs aren't the enemy - choose wisely."
"Balanced Food Choices","Fats don't make you fat - unbalanced choices do."
"Balanced Food Choices","Protein isn't just for muscles - it fuels your whole body."
"Balanced Food Choices","Your plate should be a mix, not a monotone."
"Balanced Food Choices","Skipping meals? Your body will find a way to make up for it."
"Balanced Food Choices","Fruits and veggies are your body's natural defense system."
"Balanced Food Choices","Eating well isn't about restriction - it's about balance."
"Balanced Food Choices","Build your meals using the 'plate method.'"
"Balanced Food Choices","Start meals with protein and fiber to keep hunger steady."
"Balanced Food Choices","Hydration supports digestion and nutrient absorption."
"Balanced Food Choices","Meal prep makes balanced eating effortless."
"Balanced Food Choices","If your meal is missing color, add veggies!"
"Balanced Food Choices","Snack with intention, not impulse."
"Balanced Food Choices","Listen to your hunger, not just your schedule."
"Balanced Food Choices","A small shift makes a big difference - swap refined grains for whole grains."
"Balanced Food Choices","A balanced breakfast sets the tone for the day."
"Balanced Food Choices","Keep healthy staples on hand for quick, balanced meals."
"Balanced Food Choices","Eating well doesn't have to be complicated - just aim for balance."
"Balanced Food Choices","Cravings happen - meet them with balance, not restriction."
"Balanced Food Choices","A balanced diet fuels your best self."
"Balanced Food Choices","Your body isn't a machine - it needs real, whole foods."
"Balanced Food Choices","What you eat today impacts how you feel tomorrow."
"Balanced Food Choices","Don't fear food groups - learn to balance them."
"Balanced Food Choices","Eating slowly helps you recognize fullness before you overeat."
"Balanced Food Choices","Make healthy swaps without losing the enjoyment."
"Balanced Food Choices","A balanced meal now prevents unhealthy cravings later."
"Balanced Food Choices","Trust your body - it knows what balance feels like."
"Snacking Habits","Snack smart, not just often."
"Snacking Habits","A good snack fuels you, not just fills you."
"Snacking Habits","Think of snacks as mini-meals, not just fillers."
"Snacking Habits","Healthy snacks prevent unhealthy cravings."
"Snacking Habits","Balance your snacks like your meals."
"Snacking Habits","Sugary snacks give quick energy - but also a quick crash."
"Snacking Habits","Your body deserves better than empty calories."
"Snacking Habits","Plan your snacks like you plan your meals."
"Snacking Habits","Craving something crunchy? Go for nuts, seeds, or raw veggies."
"Snacking Habits","Snack before you're starving - waiting too long leads to poor choices."
"Snacking Habits","Pause before you snack - are you actually hungry?"
"Snacking Habits","Listen to your body, not just your cravings."
"Snacking Habits","Snack with purpose, not just habit."
"Snacking Habits","Avoid snacking straight from the bag."
"Snacking Habits","Distraction leads to over-snacking."
"Snacking Habits","Chew slowly - your snack isn't a race."
"Snacking Habits","Hunger isn't an emergency - pause and assess."
"Snacking Habits","Late-night cravings? Check your hydration first."
"Snacking Habits","Set a snack schedule to avoid impulse eating."
"Snacking Habits","Take five deep breaths before reaching for a snack."
"Snacking Habits","Small, frequent snacks can help regulate hunger."
"Snacking Habits","Not all snacks are created equal - choose wisely."
"Snacking Habits","A protein-packed snack keeps cravings away."
"Snacking Habits","Snacking should support your goals, not sabotage them."
"Snacking Habits","Healthy snacking is about what you add, not what you take away."
"Snacking Habits","Your next snack should fuel you, not slow you down."
"Snacking Habits","Create a snack drawer with healthy options."
"Snacking Habits","Your body deserves consistency - snack at the same time each day."
"Snacking Habits","Don't snack just because it's available."
"Snacking Habits","The best snack is the one that leaves you feeling good afterward."
"Social/Environmental Eating Influences","Enjoy the company, not just the food."
"Social/Environmental Eating Influences","You don't have to match what others eat."
"Social/Environmental Eating Influences","Slow down and savor."
"Social/Environmental Eating Influences","Your plate, your pace."
"Social/Environmental Eating Influences","A polite 'no, thank you' is self-care."
"Social/Environmental Eating Influences","Choose what excites you most."
"Social/Environmental Eating Influences","Social meals don't have to mean social pressure."
"Social/Environmental Eating Influences","You can enjoy dessert without guilt - just do it mindfully."
"Social/Environmental Eating Influences","Arriving hungry leads to overeating."
"Social/Environmental Eating Influences","Drinks count too."
"Social/Environmental Eating Influences","Order with intention, not impulse."
"Social/Environmental Eating Influences","You can balance indulgence with smart choices."
"Social/Environmental Eating Influences","Be the one to suggest healthier options."
"Social/Environmental Eating Influences","Take half your meal to-go."
"Social/Environmental Eating Influences","Mind your portions at buffets."
"Social/Environmental Eating Influences","It's okay to share."
"Social/Environmental Eating Influences","Don't let FOMO dictate your eating."
"Social/Environmental Eating Influences","Choose quality over quantity."
"Social/Environmental Eating Influences","You can still celebrate without overdoing it."
"Social/Environmental Eating Influences","Alcohol lowers inhibitions - pace yourself."
"Social/Environmental Eating Influences","Office snacks don't have to derail you."
"Social/Environmental Eating Influences","Be mindful at work events."
"Social/Environmental Eating Influences","Out of sight, out of mind."
"Social/Environmental Eating Influences","Eating out is about enjoyment, not excess."
"Social/Environmental Eating Influences","You can always take a break and come back to food."
"Social/Environmental Eating Influences","Your environment shapes your eating - set yourself up for success."
"Social/Environmental Eating Influences","There will always be another meal."
"Social/Environmental Eating Influences","You're in control of your plate, not the other way around."
"Social/Environmental Eating Influences","Balance is key, not perfection."
"Social/Environmental Eating Influences","The best moments happen beyond the food."
"Speed of Eating","Your stomach needs time to tell your brain it's full - slow down and listen."
"Speed of Eating","Fast eating often leads to overeating."
"Speed of Eating","Chewing thoroughly improves digestion."
"Speed of Eating","Eating slowly means truly tasting your food."
"Speed of Eating","Your body isn't a race car - no need to speed through meals."
"Speed of Eating","The slower you eat, the less you need."
"Speed of Eating","Eating too fast can make you feel sluggish."
"Speed of Eating","Chewing more can actually help with weight management."
"Speed of Eating","Mindful eating reduces stress."
"Speed of Eating","Food is meant to be savored, not inhaled."
"Speed of Eating","Put your fork down between bites."
"Speed of Eating","Chew each bite 15-20 times before swallowing."
"Speed of Eating","Take a deep breath before each meal."
"Speed of Eating","Use a smaller spoon or chopsticks to slow your pace."
"Speed of Eating","Sip water between bites."
"Speed of Eating","Set a timer for 20 minutes and try to stretch your meal."
"Speed of Eating","Make mealtime a no-screen zone."
"Speed of Eating","Appreciate your food like a food critic."
"Speed of Eating","Eating fast increases bloating and discomfort."
"Speed of Eating","Take a mindful pause halfway through your meal."
"Speed of Eating","Make meals a ritual, not a rush."
"Speed of Eating","Your meals deserve your full attention."
"Speed of Eating","Eating slowly leads to better portion control."
"Speed of Eating","A slower pace leads to fewer cravings later."
"Speed of Eating","Let your meal last at least 15-20 minutes."
"Speed of Eating","Make your first few bites extra slow."
"Speed of Eating","Enjoy meals with others - it naturally slows you down."
"Speed of Eating","A relaxed mealtime supports better digestion and gut health."
"Speed of Eating","Imagine you're at a fine dining restaurant."
"Speed of Eating","The more mindful your meals, the more satisfying they become."
"Hydration Practices","Water is your body's best fuel - sip throughout the day to stay energized."
"Hydration Practices","Before you grab a snack, drink a glass of water - thirst often disguises itself as hunger."
"Hydration Practices","Your digestion loves water - hydrate to keep things running smoothly."
"Hydration Practices","A hydrated body craves less sugar."
"Hydration Practices","Your skin, energy, and digestion will thank you for staying hydrated."
"Hydration Practices","Start your day with water, not just coffee."
"Hydration Practices","Hydration isn't just about drinking water - it's about making it a habit."
"Hydration Practices","If plain water feels boring, try infusing it with lemon, cucumber, or berries."
"Hydration Practices","Think of water as your secret weapon for feeling your best."
"Hydration Practices","Your body gives subtle thirst signals before you feel parched - sip proactively."
"Hydration Practices","A glass of water before meals can help prevent overeating."
"Hydration Practices","Water during meals aids digestion - but sip, don't chug."
"Hydration Practices","Drinking water between bites slows down eating and enhances mindfulness."
"Hydration Practices","Choose water over sugary drinks with meals to support digestion."
"Hydration Practices","Feeling sluggish after a meal? Try a glass of water instead of another coffee."
"Hydration Practices","Warm water or herbal tea after meals can aid digestion."
"Hydration Practices","Don't let thirst control your appetite - stay ahead with consistent hydration."
"Hydration Practices","Hydration helps with portion control - drink water first, eat second."
"Hydration Practices","Small sips throughout the day beat chugging water all at once."
"Hydration Practices","A hydrating habit is a healthy habit - make water a part of your routine."
"Hydration Practices","Keep a bottle with you - it's easier to stay hydrated when water is within reach."
"Hydration Practices","Hydration isn't just about drinking - it's about consistency."
"Hydration Practices","Feeling bloated? Water helps flush out excess sodium and aids digestion."
"Hydration Practices","Drink a glass of water before and after exercise."
"Hydration Practices","Swap one sugary drink a day for water - you'll feel the difference."
"Hydration Practices","Tea and broth count, too - warm fluids can be hydrating and comforting."
"Hydration Practices","Set a daily hydration goal and track your progress."
"Hydration Practices","Make hydration fun - try sparkling water or fruit-infused drinks."
"Hydration Practices","Replace one cup of coffee with water - you'll feel more energized long-term."
"Hydration Practices","Hydration is self-care - fuel your body with what it truly needs."
"Fasting or Restrictive Eating Patterns","Fasting should support your well-being, not deplete it."
"Fasting or Restrictive Eating Patterns","Skipping meals? Make sure your next meal is balanced."
"Fasting or Restrictive Eating Patterns","Fasting isn't just about when you eat - it's about what you eat."
"Fasting or Restrictive Eating Patterns","Honor your body - if fasting leaves you weak, adjust your approach."
"Fasting or Restrictive Eating Patterns","Listen to your body, not just the clock."
"Fasting or Restrictive Eating Patterns","Your first meal after fasting sets the tone."
"Fasting or Restrictive Eating Patterns","Hydration is just as important as fasting."
"Fasting or Restrictive Eating Patterns","Gentle fasting adjustments can be more sustainable."
"Fasting or Restrictive Eating Patterns","A well-planned fast includes all food groups."
"Fasting or Restrictive Eating Patterns","Fasting doesn't mean under-eating."
"Fasting or Restrictive Eating Patterns","Skipping meals? Don't skip on nutrition."
"Fasting or Restrictive Eating Patterns","Fasting shouldn't lead to binge eating later."
"Fasting or Restrictive Eating Patterns","Not all fasting styles work for everyone."
"Fasting or Restrictive Eating Patterns","A restrictive diet shouldn't restrict your health."
"Fasting or Restrictive Eating Patterns","Your body needs fuel to function - fasting should feel supportive, not stressful."
"Fasting or Restrictive Eating Patterns","Low energy? Evaluate your fasting approach."
"Fasting or Restrictive Eating Patterns","Protein is your best friend after fasting."
"Fasting or Restrictive Eating Patterns","Don't break your fast with only carbs - add healthy fats and protein."
"Fasting or Restrictive Eating Patterns","Fasting shouldn't leave you nutrient-deprived."
"Fasting or Restrictive Eating Patterns","If fasting feels like punishment, it's time to reassess."
"Fasting or Restrictive Eating Patterns","Plan your meals ahead - fasting shouldn't lead to random food choices."
"Fasting or Restrictive Eating Patterns","Healthy fats keep you full longer - don't be afraid of them."
"Fasting or Restrictive Eating Patterns","Meal timing is flexible - find what works for you."
"Fasting or Restrictive Eating Patterns","Breaking a fast with highly processed foods can make you feel worse."
"Fasting or Restrictive Eating Patterns","Fasting shouldn't mean skipping breakfast forever."
"Fasting or Restrictive Eating Patterns","A good fasting plan includes hydration breaks."
"Fasting or Restrictive Eating Patterns","Stay mindful of portion sizes when breaking a fast."
"Fasting or Restrictive Eating Patterns","Your meals should be as intentional as your fasts."
"Fasting or Restrictive Eating Patterns","Small, balanced meals may work better than one huge meal post-fast."
"Fasting or Restrictive Eating Patterns","Fasting should fit into your life, not disrupt it."
